"sample","total"
"Core A, 16%",-3.52365706057789e-18
"Core A, 28%",-1.99999999999966e-05
"Core B, 16%",-1.00000000000039e-05
"Core B, 28%",0
"Core C, 16%",0
"Core C, 28%",-1.30104260698261e-17
